{
	"credit": "Made by CyanideX using Blockbench.",
	"textures": {
		"0": "unity:block/ladder_step",
		"1": "unity:block/ladder_pole",
		"particle": "block/oak_planks"
	},
	"elements": [
		{
			"from": [2, 0, 14],
			"to": [4, 16, 15],
			"faces": {
				"north": {"uv": [11, 0, 13, 16], "texture": "#1"},
				"east": {"uv": [12, 0, 13, 16], "texture": "#1"},
				"south": {"uv": [3, 0, 5, 16], "texture": "#1"},
				"west": {"uv": [12, 0, 13, 16], "texture": "#1"},
				"up": {"uv": [11, 0, 13, 1], "texture": "#1"},
				"down": {"uv": [11, 14, 13, 15], "texture": "#1"}
			}
		},
		{
			"from": [12, 0, 14],
			"to": [14, 16, 15],
			"faces": {
				"north": {"uv": [1, 0, 3, 16], "texture": "#1"},
				"east": {"uv": [12, 0, 13, 16], "texture": "#1"},
				"south": {"uv": [13, 0, 15, 16], "texture": "#1"},
				"west": {"uv": [2, 0, 3, 16], "texture": "#1"},
				"up": {"uv": [1, 0, 3, 1], "texture": "#1"},
				"down": {"uv": [1, 14, 3, 15], "texture": "#1"}
			}
		},
		{
			"from": [1, 11, 13],
			"to": [15, 13, 15],
			"faces": {
				"north": {"uv": [1, 3, 15, 5], "texture": "#0"},
				"east": {"uv": [2, 3, 4, 5], "texture": "#0"},
				"south": {"uv": [1, 3, 15, 5], "texture": "#0"},
				"west": {"uv": [13, 3, 15, 5], "texture": "#0"},
				"up": {"uv": [1, 1, 15, 3], "texture": "#0"},
				"down": {"uv": [1, 5, 15, 7], "texture": "#0"}
			}
		},
		{
			"from": [1, 3, 13],
			"to": [15, 5, 15],
			"faces": {
				"north": {"uv": [1, 11, 15, 13], "texture": "#0"},
				"east": {"uv": [6, 11, 8, 13], "texture": "#0"},
				"south": {"uv": [1, 11, 15, 13], "texture": "#0"},
				"west": {"uv": [13, 11, 15, 13], "texture": "#0"},
				"up": {"uv": [1, 9, 15, 11], "texture": "#0"},
				"down": {"uv": [1, 13, 15, 15], "texture": "#0"}
			}
		},
		{
			"from": [2, 3, 15],
			"to": [4, 5, 16],
			"faces": {
				"east": {"uv": [3, 3, 4, 5], "texture": "#0"},
				"south": {"uv": [3, 3, 5, 5], "texture": "#0"},
				"west": {"uv": [3, 3, 4, 5], "texture": "#0"},
				"up": {"uv": [3, 3, 5, 4], "texture": "#0"},
				"down": {"uv": [2, 5, 4, 6], "texture": "#0"}
			}
		},
		{
			"from": [2, 11, 15],
			"to": [4, 13, 16],
			"faces": {
				"east": {"uv": [3, 3, 4, 5], "texture": "#0"},
				"south": {"uv": [3, 3, 5, 5], "texture": "#0"},
				"west": {"uv": [3, 3, 4, 5], "texture": "#0"},
				"up": {"uv": [3, 3, 5, 4], "texture": "#0"},
				"down": {"uv": [2, 5, 4, 6], "texture": "#0"}
			}
		},
		{
			"from": [12, 3, 15],
			"to": [14, 5, 16],
			"faces": {
				"east": {"uv": [3, 3, 4, 5], "texture": "#0"},
				"south": {"uv": [3, 3, 5, 5], "texture": "#0"},
				"west": {"uv": [3, 3, 4, 5], "texture": "#0"},
				"up": {"uv": [2, 3, 4, 4], "texture": "#0"},
				"down": {"uv": [2, 5, 4, 6], "texture": "#0"}
			}
		},
		{
			"from": [12, 11, 15],
			"to": [14, 13, 16],
			"faces": {
				"east": {"uv": [3, 3, 4, 5], "texture": "#0"},
				"south": {"uv": [3, 3, 5, 5], "texture": "#0"},
				"west": {"uv": [3, 3, 4, 5], "texture": "#0"},
				"up": {"uv": [3, 3, 5, 4], "texture": "#0"},
				"down": {"uv": [2, 5, 4, 6], "texture": "#0"}
			}
		}
	],
	"display": {
		"thirdperson_righthand": {
			"scale": [0.375, 0.375, 0.375],
			"rotation": [75, -66, 0],
			"translation": [1.5, 2.5, 0]
		},
		"thirdperson_lefthand": {
			"scale": [0.375, 0.375, 0.375],
			"rotation": [75, -66, 0],
			"translation": [1.5, 2.5, 0]
		},
		"firstperson_righthand": {
			"scale": [0.68, 0.68, 0.68],
			"rotation": [10, 90, -24.5],
			"translation": [-5, 2, 0.5]
		},
		"firstperson_lefthand": {
			"scale": [0.68, 0.68, 0.68],
			"rotation": [10, 90, -24.5],
			"translation": [-4.5, 2, 0.5]
		},
		"head": {
			"translation": [0, 0, -13.5]
		},
		"ground": {
			"scale": [0.5, 0.5, 0.5],
			"rotation": [0, 0, 0],
			"translation": [0, 3, 0]
		},
		"fixed": {
			"translation": [0, 0, -8]
		},
		"gui": {
			"scale": [0.8, 0.8, 0.8],
			"rotation": [30, 135, 0],
			"translation": [-3.3, -1.8, 0]
		}
	}
}
