{
	"credit": "Made by CyanideX using Blockbench.",
	"textures": {
		"0": "unity:block/ladder_step",
		"1": "unity:block/ladder_pole",
		"particle": "block/oak_planks"
	},
	"elements": [
		{
			"from": [2, 0, 14],
			"to": [4, 16, 15],
			"faces": {
				"north": {"uv": [11, 0, 13, 16], "texture": "#1"},
				"east": {"uv": [12, 0, 13, 16], "texture": "#1"},
				"south": {"uv": [3, 0, 5, 16], "texture": "#1"},
				"west": {"uv": [12, 0, 13, 16], "texture": "#1"},
				"up": {"uv": [11, 0, 13, 1], "texture": "#1"},
				"down": {"uv": [11, 14, 13, 15], "texture": "#1"}
			}
		},
		{
			"from": [12, 0, 14],
			"to": [14, 16, 15],
			"faces": {
				"north": {"uv": [1, 0, 3, 16], "texture": "#1"},
				"east": {"uv": [12, 0, 13, 16], "texture": "#1"},
				"south": {"uv": [13, 0, 15, 16], "texture": "#1"},
				"west": {"uv": [2, 0, 3, 16], "texture": "#1"},
				"up": {"uv": [1, 0, 3, 1], "texture": "#1"},
				"down": {"uv": [1, 14, 3, 15], "texture": "#1"}
			}
		},
		{
			"from": [1, 11, 13],
			"to": [15, 13, 15],
			"faces": {
				"north": {"uv": [1, 3, 15, 5], "texture": "#0"},
				"east": {"uv": [2, 3, 4, 5], "texture": "#0"},
				"south": {"uv": [1, 3, 15, 5], "texture": "#0"},
				"west": {"uv": [13, 3, 15, 5], "texture": "#0"},
				"up": {"uv": [1, 1, 15, 3], "texture": "#0"},
				"down": {"uv": [1, 5, 15, 7], "texture": "#0"}
			}
		},
		{
			"from": [1, 3, 13],
			"to": [15, 5, 15],
			"faces": {
				"north": {"uv": [1, 11, 15, 13], "texture": "#0"},
				"east": {"uv": [6, 11, 8, 13], "texture": "#0"},
				"south": {"uv": [1, 11, 15, 13], "texture": "#0"},
				"west": {"uv": [13, 11, 15, 13], "texture": "#0"},
				"up": {"uv": [1, 9, 15, 11], "texture": "#0"},
				"down": {"uv": [1, 13, 15, 15], "texture": "#0"}
			}
		},
		{
			"from": [2, 3, 15],
			"to": [4, 5, 16],
			"faces": {
				"east": {"uv": [3, 3, 4, 5], "texture": "#0"},
				"south": {"uv": [3, 3, 5, 5], "texture": "#0"},
				"west": {"uv": [3, 3, 4, 5], "texture": "#0"},
				"up": {"uv": [3, 3, 5, 4], "texture": "#0"},
				"down": {"uv": [2, 5, 4, 6], "texture": "#0"}
			}
		},
		{
			"from": [2, 11, 15],
			"to": [4, 13, 16],
			"faces": {
				"east": {"uv": [3, 3, 4, 5], "texture": "#0"},
				"south": {"uv": [3, 3, 5, 5], "texture": "#0"},
				"west": {"uv": [3, 3, 4, 5], "texture": "#0"},
				"up": {"uv": [3, 3, 5, 4], "texture": "#0"},
				"down": {"uv": [2, 5, 4, 6], "texture": "#0"}
			}
		},
		{
			"from": [12, 3, 15],
			"to": [14, 5, 16],
			"faces": {
				"east": {"uv": [3, 3, 4, 5], "texture": "#0"},
				"south": {"uv": [3, 3, 5, 5], "texture": "#0"},
				"west": {"uv": [3, 3, 4, 5], "texture": "#0"},
				"up": {"uv": [2, 3, 4, 4], "texture": "#0"},
				"down": {"uv": [2, 5, 4, 6], "texture": "#0"}
			}
		},
		{
			"from": [12, 11, 15],
			"to": [14, 13, 16],
			"faces": {
				"east": {"uv": [3, 3, 4, 5], "texture": "#0"},
				"south": {"uv": [3, 3, 5, 5], "texture": "#0"},
				"west": {"uv": [3, 3, 4, 5], "texture": "#0"},
				"up": {"uv": [3, 3, 5, 4], "texture": "#0"},
				"down": {"uv": [2, 5, 4, 6], "texture": "#0"}
			}
		}
	]
}
