{
	"credit": "Made with Blockbench",
	"parent": "block/block",
	"textures": {
		"particle": "block/lightning_rod",
		"texture": "block/lightning_rod"
	},
	"elements": [
		{
			"from": [6, 12, 6],
			"to": [10, 16, 10],
			"shade": false,
			"faces": {
				"north": {"uv": [0, 0, 4, 4], "texture": "#texture"},
				"east": {"uv": [0, 0, 4, 4], "texture": "#texture"},
				"south": {"uv": [0, 0, 4, 4], "texture": "#texture"},
				"west": {"uv": [0, 0, 4, 4], "texture": "#texture"},
				"up": {"uv": [4, 4, 0, 0], "texture": "#texture"},
				"down": {"uv": [0, 0, 4, 4], "texture": "#texture"}
			}
		},
		{
			"from": [7, 0, 7],
			"to": [9, 12, 9],
			"shade": false,
			"faces": {
				"north": {"uv": [0, 4, 2, 16], "texture": "#texture"},
				"east": {"uv": [2, 4, 0, 16], "texture": "#texture"},
				"south": {"uv": [0, 4, 2, 16], "texture": "#texture"},
				"west": {"uv": [2, 4, 0, 16], "texture": "#texture"},
				"down": {"uv": [0, 14, 2, 16], "texture": "#texture"}
			}
		}
	]
}